author,title,annotation,img_url,book_url,genre
Виктор Агеев-Полторжицкий,Проблема чипирования и массовых отравлений в обществе,"Современный мир стремительно развивается, и вместе с технологическим прогрессом возникают новые вызовы, связанные с этикой, безопасностью и правами человека. Одн...",https://rust.litnet.com/uploads/covers/120/1742244040_11.jpg,https://litnet.com/ru/book/problema-chipirovaniya-i-massovyh-otravlenii-v-obshchestve-b521042,"Нон-фикшн, Нон-фикшн"
Валентина Доро,Футбольное лето,"Футбольное лето
...",https://rust.litnet.com/uploads/covers/120/1742554503_91.jpg,https://litnet.com/ru/book/problema-chipirovaniya-i-massovyh-otravlenii-v-obshchestve-b521042,"Нон-фикшн, Нон-фикшн"
 Makezzz,8 марта не будет!,"рассказ-шутка. фантазия про отмену праздника
...",https://rust.litnet.com/uploads/covers/120/1742186214_18.jpg,https://litnet.com/ru/book/problema-chipirovaniya-i-massovyh-otravlenii-v-obshchestve-b521042,"Нон-фикшн, Нон-фикшн"
 Makezzz,Свет в окне,"Иногда мы видим лишь то. что хотим видеть
...",https://rust.litnet.com/uploads/covers/120/1742184286_49.jpeg,https://litnet.com/ru/book/problema-chipirovaniya-i-massovyh-otravlenii-v-obshchestve-b521042,"Нон-фикшн, Нон-фикшн"
Александр Игоревич,"""Субцивилизация"" (записки лагерного садовника)","Роман ""Субцивилизация"" (записки лагерного садовника) - проникновенная и поучительная быль о российской тюрьме первой четверти XXI века. Глубоки...",https://rust.litnet.com/uploads/covers/120/1742104094_40.jpeg,https://litnet.com/ru/book/problema-chipirovaniya-i-massovyh-otravlenii-v-obshchestve-b521042,"Нон-фикшн, Нон-фикшн"
Аня Гордейчук,Античные байки,"Интересные моменты из античной истории.
...",https://rust.litnet.com/uploads/covers/120/1742830513_83.png,https://litnet.com/ru/book/problema-chipirovaniya-i-massovyh-otravlenii-v-obshchestve-b521042,"Нон-фикшн, Нон-фикшн"
Виктор Агеев-Полторжицкий,Ваджра как сила разума: путь к преодолению зла и пороков,"Ваджра, символ молнии и алмаза в индийской и тибетской традициях, представляет собой мощный архетип силы разума, способной преодолеть зло и пороки. Этот символ, ухо...",https://rust.litnet.com/uploads/covers/120/1741348408_97.jpg,https://litnet.com/ru/book/problema-chipirovaniya-i-massovyh-otravlenii-v-obshchestve-b521042,"Нон-фикшн, Нон-фикшн"
Виктор Агеев-Полторжицкий,Тысячелетнее царство православной церкви - конец эпохи?,"Православная церковь на протяжении веков играла ключевую роль в духовной, культурной и социальной жизни многих народов. Согласно христианской эсхатологии, тысяче...",https://rust.litnet.com/uploads/covers/120/1740997041_32.jpg,https://litnet.com/ru/book/problema-chipirovaniya-i-massovyh-otravlenii-v-obshchestve-b521042,"Нон-фикшн, Нон-фикшн"
Виктор Агеев-Полторжицкий,"Мозг, память предков и общее хранилище информации","Человеческий мозг — это одна из самых сложных и загадочных структур во Вселенной. Его способность к обработке информации, обучению и адаптации поражает ученых на ...",https://rust.litnet.com/uploads/covers/120/1740996877_40.jpg,https://litnet.com/ru/book/problema-chipirovaniya-i-massovyh-otravlenii-v-obshchestve-b521042,"Нон-фикшн, Нон-фикшн"
Виктор Агеев-Полторжицкий,"Отец – свет, а мать – пустота, тьма: архетипы творения","В философии, мифологии и религиозных учениях свет и тьма часто выступают как символы противоположных начал, которые, взаимодействуя, создают мир. Свет ассоциирует...",https://rust.litnet.com/uploads/covers/120/1740996655_87.jpg,https://litnet.com/ru/book/problema-chipirovaniya-i-massovyh-otravlenii-v-obshchestve-b521042,"Нон-фикшн, Нон-фикшн"
Виктор Агеев-Полторжицкий,One Piece как сокровище Шамбалы: пророчества о Золотом Веке,"Манга и аниме «One Piece» Эйитиро Оды — это не просто история о пиратах, приключениях и поиске сокровищ. Это произведение, наполненное глубокими философскими, религиоз...",https://rust.litnet.com/uploads/covers/120/1740996343_85.jpg,https://litnet.com/ru/book/problema-chipirovaniya-i-massovyh-otravlenii-v-obshchestve-b521042,"Нон-фикшн, Нон-фикшн"
Аня Гордейчук,Кандидат на вылет,"Самые часто умирающие типы персонажей в искусстве.
...",https://rust.litnet.com/common/img/empty_cover_litnet.png,https://litnet.com/ru/book/problema-chipirovaniya-i-massovyh-otravlenii-v-obshchestve-b521042,"Нон-фикшн, Нон-фикшн"
Ираида Агафонова,Словом можно убить,"История о том, как через время обида кажется пустяком.
...",https://rust.litnet.com/uploads/covers/120/1740228545_39.jpg,https://litnet.com/ru/book/problema-chipirovaniya-i-massovyh-otravlenii-v-obshchestve-b521042,"Нон-фикшн, Нон-фикшн"
Виктор Агеев-Полторжицкий,Аладдин как мессия: символика и философия восточной сказки,"Сказка об Аладдине, известная нам из сборника «Тысяча и одна ночь», представляет собой не только увлекательное повествование, но и глубокую аллегорию, наполненную ...",https://rust.litnet.com/uploads/covers/120/1740159169_7.jpg,https://litnet.com/ru/book/problema-chipirovaniya-i-massovyh-otravlenii-v-obshchestve-b521042,"Нон-фикшн, Нон-фикшн"
Виктор Агеев-Полторжицкий,Узкий путь добра: между строгостью морали и широтой познания,"Иисус Христос, как центральная фигура христианства, оставил человечеству множество глубоких и многогранных учений. Одним из наиболее известных его наставлений яв...",https://rust.litnet.com/uploads/covers/120/1740158777_95.jpg,https://litnet.com/ru/book/problema-chipirovaniya-i-massovyh-otravlenii-v-obshchestve-b521042,"Нон-фикшн, Нон-фикшн"
Виктор Агеев-Полторжицкий,Путь к Золотому веку: шаги к миру без насилия и зла,"Идея Золотого века, мира, где царит гармония, справедливость и отсутствие насилия, волновала человечество на протяжении всей его истории. От античных мифов до совр...",https://rust.litnet.com/uploads/covers/120/1739972380_79.jpg,https://litnet.com/ru/book/problema-chipirovaniya-i-massovyh-otravlenii-v-obshchestve-b521042,"Нон-фикшн, Нон-фикшн"
Виктор Агеев-Полторжицкий,Как аэрозольные генераторы маскируются под промобъекты,"Современные технологии предоставляют человечеству не только возможности для развития, но и инструменты, которые могут быть использованы в деструктивных целях. Од...",https://rust.litnet.com/uploads/covers/120/1739822190_43.jpg,https://litnet.com/ru/book/problema-chipirovaniya-i-massovyh-otravlenii-v-obshchestve-b521042,"Нон-фикшн, Нон-фикшн"
Виктор Агеев-Полторжицкий,Аэрозольные генераторы как скрытое оружие в городе,"Современные технологии открывают новые возможности для решения задач в различных сферах, включая медицину, экологию и промышленность. Однако те же самые технолог...",https://rust.litnet.com/uploads/covers/120/1739686877_43.jpg,https://litnet.com/ru/book/problema-chipirovaniya-i-massovyh-otravlenii-v-obshchestve-b521042,"Нон-фикшн, Нон-фикшн"
Виктор Агеев-Полторжицкий,Аэрозольные генераторы: между прогрессом и угрозой,Современные технологии аэрозольных генераторов открывают перед человечеством новые горизонты в управлении атмосферными процессами. Эти устройства способны не т...,https://rust.litnet.com/uploads/covers/120/1739686710_70.jpg,https://litnet.com/ru/book/problema-chipirovaniya-i-massovyh-otravlenii-v-obshchestve-b521042,"Нон-фикшн, Нон-фикшн"
Виктор Агеев-Полторжицкий,Климатический контроль: как аэрозоли могут изменить погоду,"Стратосферная аэрозольная инъекция (SAI) представляет собой одну из наиболее обсуждаемых технологий геоинженерии, направленных на управление климатом. Основная ид...",https://rust.litnet.com/uploads/covers/120/1739686437_89.jpg,https://litnet.com/ru/book/problema-chipirovaniya-i-massovyh-otravlenii-v-obshchestve-b521042,"Нон-фикшн, Нон-фикшн"
 Makezzz,Дед Лайн и дед Инсайд,рассказ о том как не надо...,https://rust.litnet.com/uploads/covers/120/1711012163_97.jpg,https://litnet.com/ru/book/ded-lain-i-ded-insaid-b473848,"Нон-фикшн, Нон-фикшн"
Виктор Агеев-Полторжицкий,Роман «мастер и Маргарита» - связь с ядерным разоружением,"Роман Михаила Булгакова «Мастер и Маргарита» – это произведение, полное аллегорий, символов и скрытых значений. Несмотря на то что тема ядерного разоружения напря...",https://rust.litnet.com/uploads/covers/120/1711005552_79.jpg,https://litnet.com/ru/book/ded-lain-i-ded-insaid-b473848,"Нон-фикшн, Нон-фикшн"
Виктор Агеев-Полторжицкий,Эссе о романе «мастер и Маргарита» и истинном учении Христа,"Роман Михаила Булгакова «Мастер и Маргарита» является одним из величайших произведений XX века, изобилующим множеством тем и идеями. Одним из центральных сюжетов р...",https://rust.litnet.com/uploads/covers/120/1710832599_57.jpg,https://litnet.com/ru/book/ded-lain-i-ded-insaid-b473848,"Нон-фикшн, Нон-фикшн"
Виктор Агеев-Полторжицкий,Король-лев и аллегория растаманского мессии,"Мультфильм «Король-лев» является одним из самых известных и любимых произведений компании Disney. В нем повествуется о жизненном пути молодого льва по имени Симба, ко...",https://rust.litnet.com/uploads/covers/120/1710750370_86.jpg,https://litnet.com/ru/book/ded-lain-i-ded-insaid-b473848,"Нон-фикшн, Нон-фикшн"
Виктор Агеев-Полторжицкий,Эссе на тему: «космос мыслей: от бесконечности к воплощению»,"Представьте, что где-то в неисповедимых пространствах вселенной существует невидимый банк всех мыслей – бесконечное поле возможностей, где запечатлены идеи и кон...",https://rust.litnet.com/uploads/covers/120/1710705613_12.jpg,https://litnet.com/ru/book/ded-lain-i-ded-insaid-b473848,"Нон-фикшн, Нон-фикшн"
Stanislav Kondrashov,Американцы в Америке,"Эта книга — нечто вроде отчета человека, который с конца 1961 по середину 1968 года работал корреспондентом «Известий» в Нью-Йорке и привык отчитываться на газетных ст...",https://rust.litnet.com/uploads/covers/120/1710243674_74.png,https://litnet.com/ru/book/ded-lain-i-ded-insaid-b473848,"Нон-фикшн, Нон-фикшн"
Виктор Агеев-Полторжицкий,Познание ненависти: путь к освобождению от системного зла,"Ненависть – это тяжёлая ноша души, тлеющий огонь, который искажает восприятие реальности и разъедает мысли человека изнутри. Она овладевает сердцами и умами, прев...",https://rust.litnet.com/uploads/covers/120/1709884914_34.jpg,https://litnet.com/ru/book/ded-lain-i-ded-insaid-b473848,"Нон-фикшн, Нон-фикшн"
Виктор Агеев-Полторжицкий,"Суть ненависти: борьба с корнем зла, а не с его жертвами","Ненависть — одно из самых мощных и разрушительных чувств, которое может охватить человека. Она способна обусловливать войны, конфликты и неизмеримые страдания. Од...",https://rust.litnet.com/uploads/covers/120/1709869392_36.jpg,https://litnet.com/ru/book/ded-lain-i-ded-insaid-b473848,"Нон-фикшн, Нон-фикшн"
Stanislav Kondrashov,Недалеко От Нью-Йорка,"Когда я собираюсь из Нью-йорка в поездку по стране, я думаю, как же это было бы просто, если 6 не полип-ша: спустился в гараж, вывел машину, распрощался с небоскребами М...",https://rust.litnet.com/uploads/covers/120/1709813069_72.png,https://litnet.com/ru/book/ded-lain-i-ded-insaid-b473848,"Нон-фикшн, Нон-фикшн"
 Makezzz,Линь,"рассказ о маленькой девочке Линь, у которой однажды все получится...",https://rust.litnet.com/uploads/covers/120/1709797785_0.jpg,https://litnet.com/ru/book/ded-lain-i-ded-insaid-b473848,"Нон-фикшн, Нон-фикшн"
Stanislav Kondrashov,Жизнь и смерть Мартина Лютера Кинга,"Эта книга была впервые опубликована в 1970 году.
Я написал ее на основе личных наблюдений и опыта человека, имевшего к тому времени возможность в течение шести с лишн...",https://rust.litnet.com/uploads/covers/120/1709724516_94.png,https://litnet.com/ru/book/ded-lain-i-ded-insaid-b473848,"Нон-фикшн, Нон-фикшн"
Stanislav Kondrashov,Перекрестки Америки,"В своих очерках С. Кондрашов рассказывает о сложной и противоречивой жизни современной Америки. Вьетнамская война и отношение к ней в различных слоях общества, бур...",https://rust.litnet.com/uploads/covers/120/1709724316_65.png,https://litnet.com/ru/book/ded-lain-i-ded-insaid-b473848,"Нон-фикшн, Нон-фикшн"
Stanislav Kondrashov,Мы и они в этом тесном мире,Новая книга известного журналиста-международника Станислава Кондрашова — это изображенная средствами документальной публицистики панорама современного мира с ...,https://rust.litnet.com/uploads/covers/120/1709724105_74.png,https://litnet.com/ru/book/ded-lain-i-ded-insaid-b473848,"Нон-фикшн, Нон-фикшн"
Stanislav Kondrashov,Люди за Океаном,"Страна — это прежде всего люди. И визитной карточкой страны можно  считать жизнь ее народа. Журналист-международник С. Кондрашов пишет об американцах, о тех, с кем с...",https://rust.litnet.com/uploads/covers/120/1709723715_25.png,https://litnet.com/ru/book/ded-lain-i-ded-insaid-b473848,"Нон-фикшн, Нон-фикшн"
 Makezzz,цензура,от идеи написания к изданию...,https://rust.litnet.com/uploads/covers/120/1709614295_55.jpg,https://litnet.com/ru/book/ded-lain-i-ded-insaid-b473848,"Нон-фикшн, Нон-фикшн"
Stanislav Kondrashov,Путешествие Американиста,"В новой художественно-документальной книге известный международник С. Кондрашов еще раз обращается к теме, ставшей для него главной: мы и американцы, живущие в мир...",https://rust.litnet.com/uploads/covers/120/1709201464_71.png,https://litnet.com/ru/book/ded-lain-i-ded-insaid-b473848,"Нон-фикшн, Нон-фикшн"
Влада Ворон,Профи,......,https://rust.litnet.com/uploads/covers/120/1709019530_97.jpg,https://litnet.com/ru/book/ded-lain-i-ded-insaid-b473848,"Нон-фикшн, Нон-фикшн"
Кенан Лещ,Грамотность,"Конструктора-пенсионеры любят жаловаться на снижение грамотности молодёжи. В юности и трава была зеленее, и солнце светило ярче, однако, объём знаний, полученный п...",https://rust.litnet.com/uploads/covers/120/1708292463_100.png,https://litnet.com/ru/book/ded-lain-i-ded-insaid-b473848,"Нон-фикшн, Нон-фикшн"
Creative Free Soul,Позитивные аффирмации для здоровой печени,"Это коллекция аффирмаций призвана не только поддерживать физическое здоровье печени, но и внимательно обращаться к ее духовному измерению. Эти вдохновляющие выск...",https://rust.litnet.com/uploads/covers/120/1705695907_66.png,https://litnet.com/ru/book/ded-lain-i-ded-insaid-b473848,"Нон-фикшн, Нон-фикшн"
Creative Free Soul,Аффирмация при проблемах с печенью,Эта коллекция аффирмаций представляет собой мощный инструмент для поддержки здоровья печени. Сформулированные с любовью и заботой утверждения направлены на акти...,https://rust.litnet.com/uploads/covers/120/1705538922_72.png,https://litnet.com/ru/book/ded-lain-i-ded-insaid-b473848,"Нон-фикшн, Нон-фикшн"
Creative Free Soul,Печень психосоматика аффирмации,"Уникальные аффирмации, представленные в этом списке, разработаны опытным целителем с целью поддержки и укрепления здоровья печени. Слова тщательно отобраны для а...",https://rust.litnet.com/uploads/covers/120/1705538733_84.png,https://litnet.com/ru/book/pechen-psihosomatika-affirmacii-b465616,"Нон-фикшн, Нон-фикшн"
Creative Free Soul,Аффирмации для оздоровления печени,"В этой коллекции аффирмаций, пронизанных целительной энергией, опытный целитель направляет внимание на лечение печени через силу утверждений. С каждым словом виб...",https://rust.litnet.com/uploads/covers/120/1705538570_91.png,https://litnet.com/ru/book/pechen-psihosomatika-affirmacii-b465616,"Нон-фикшн, Нон-фикшн"
Creative Free Soul,Аффирмации для лечения печени,"Этот набор аффирмаций представляет собой мудро сформулированные утверждения, направленные на поддержку и оздоровление печени. Внимательно подобранные слова стр...",https://rust.litnet.com/uploads/covers/120/1705538290_85.png,https://litnet.com/ru/book/pechen-psihosomatika-affirmacii-b465616,"Нон-фикшн, Нон-фикшн"
Creative Free Soul,Аффирмации для исцеления печени,"Эта коллекция аффирмаций представляет собой мощное средство самоисцеления для тех, кто стремится укрепить свою печень. Уникальные утверждения направлены на восс...",https://rust.litnet.com/uploads/covers/120/1705538127_46.png,https://litnet.com/ru/book/pechen-psihosomatika-affirmacii-b465616,"Нон-фикшн, Нон-фикшн"
Creative Free Soul,Аффирмации на здоровую печень,"Этот вдохновляющий список аффирмаций, тщательно созданный опытным целителем, призван активировать энергию и внутренние ресурсы для поддержки здоровья печени. Пр...",https://rust.litnet.com/uploads/covers/120/1705537829_85.png,https://litnet.com/ru/book/pechen-psihosomatika-affirmacii-b465616,"Нон-фикшн, Нон-фикшн"
Creative Free Soul,Аффирмации при болезнях печени,"Этот набор аффирмаций представляет собой мощное средство самоисцеления, направленное на поддержку здоровья печени. Сформулированные положительные утверждения н...",https://rust.litnet.com/uploads/covers/120/1705537649_32.png,https://litnet.com/ru/book/pechen-psihosomatika-affirmacii-b465616,"Нон-фикшн, Нон-фикшн"
Creative Free Soul,Аффирмации при заболевании печени,Этот удивительный список аффирмаций предназначен для поддержки и укрепления здоровья печени. Уникальные утверждения направлены на активацию позитивных энергий ...,https://rust.litnet.com/uploads/covers/120/1705537439_61.png,https://litnet.com/ru/book/pechen-psihosomatika-affirmacii-b465616,"Нон-фикшн, Нон-фикшн"
Creative Free Soul,Аффирмации печень,"В этом вдохновляющем списке аффирмаций, вы найдете изысканные слова, которые направлены на энергетическое исцеление печени. Эти утверждения созданы целителем, чт...",https://rust.litnet.com/uploads/covers/120/1705537015_6.png,https://litnet.com/ru/book/pechen-psihosomatika-affirmacii-b465616,"Нон-фикшн, Нон-фикшн"
Кенан Лещ,Муки работы,"Обычно выходные длятся до четырёх дней. А тут полторы недели отдыха, праздники. После такого отдыха необходимо время, чтобы настроить себя на рабочий лад, это мучит...",https://rust.litnet.com/uploads/covers/120/1705328019_68.png,https://litnet.com/ru/book/pechen-psihosomatika-affirmacii-b465616,"Нон-фикшн, Нон-фикшн"
Басова,Богатство,Разговор с молодым поколением...,https://rust.litnet.com/uploads/covers/120/1704297524_91.png,https://litnet.com/ru/book/pechen-psihosomatika-affirmacii-b465616,"Нон-фикшн, Нон-фикшн"
Дэш Волкин,Убить веселье.,Данная книга несет в себе серьезные и порой абсурдные идеи по отношению к контролировании эмоций. В ней автор расскажет о 6 методов против проявление нежеланный эм...,https://rust.litnet.com/uploads/covers/120/1703790957_35.png,https://litnet.com/ru/book/pechen-psihosomatika-affirmacii-b465616,"Нон-фикшн, Нон-фикшн"
Басова,Письмо самой себе.,"Рассказ обращён к каждому человеку , стремящемуся  развиваться и двигаться вперёд к мечте....",https://rust.litnet.com/uploads/covers/120/1703167575_13.png,https://litnet.com/ru/book/pechen-psihosomatika-affirmacii-b465616,"Нон-фикшн, Нон-фикшн"
ZX-Kill,Не измерения не Антимира,"Для любых проявлений логики, есть абсолютная противоположность, сходящаяся стабилизацией в антирезультат....",https://rust.litnet.com/uploads/covers/120/1703075840_75.png,https://litnet.com/ru/book/pechen-psihosomatika-affirmacii-b465616,"Нон-фикшн, Нон-фикшн"
Сергей Панченко,Благими намерениями...,"На этот раз решил затронуть тему добродетели. Все взято из личного опыта и наблюдений. Возможно, мои выводы неправильные, но неведомая сила заставляет меня перекла...",https://rust.litnet.com/uploads/covers/120/1702983218_13.jpg,https://litnet.com/ru/book/pechen-psihosomatika-affirmacii-b465616,"Нон-фикшн, Нон-фикшн"
Греднев Илья,Инфопартнёрство или как успешно пиарить свои мероприятия,"Гордиться инфопартнёрами принято у 99% организаторов публичных мероприятий.
На момент публикации данной книги, в интернете всего четыре небольшие статьи на эту те...",https://rust.litnet.com/uploads/covers/120/1702750486_89.png,https://litnet.com/ru/book/pechen-psihosomatika-affirmacii-b465616,"Нон-фикшн, Нон-фикшн"
Алекса Сини,Зелёная овечка,"Бывает время, когда тебе одиноко. Из-за этого может казаться, что ты видишь что-то особенное, и это особенное пришло только тебе. Оно послано судьбой, чтобы обрадоват...",https://rust.litnet.com/uploads/covers/120/1702723818_83.jpeg,https://litnet.com/ru/book/pechen-psihosomatika-affirmacii-b465616,"Нон-фикшн, Нон-фикшн"
Creative Free Soul,Как индийские женщины влияют на киноиндустрию Индии?,"Индийские женщины становятся определяющим фактором в киноиндустрии Индии, их влияние простирается от актерской игры до важных ролей за кулисами. Обладая не тольк...",https://rust.litnet.com/uploads/covers/120/1701951340_96.png,https://litnet.com/ru/book/pechen-psihosomatika-affirmacii-b465616,"Нон-фикшн, Нон-фикшн"
Creative Free Soul,Какие достижения индийских женщин в науке и образовании?,"Индийские женщины в науке и образовании проявляют выдающиеся способности, преодолевая социокультурные и экономические препятствия. Лидеры, такие как Чандра Викр...",https://rust.litnet.com/uploads/covers/120/1701951244_60.png,https://litnet.com/ru/book/pechen-psihosomatika-affirmacii-b465616,"Нон-фикшн, Нон-фикшн"
Creative Free Soul,Как индийские женщины оказывают влияние на моду и стиль?,"Индийские женщины, с легкостью сочетая традицию и современность, играют ключевую роль в формировании моды в Индии. Экспериментируя с различными стилями и элемента...",https://rust.litnet.com/uploads/covers/120/1701951086_73.png,https://litnet.com/ru/book/pechen-psihosomatika-affirmacii-b465616,"Нон-фикшн, Нон-фикшн"
Creative Free Soul,Как индийские женщины справляются с семейными обязанностями?,"Индийские женщины, с проявлением преданности и мудрости, успешно справляются с семейными обязанностями, внимательно ухаживая за домашним очагом, воспитывая детей...",https://rust.litnet.com/uploads/covers/120/1701950952_82.png,https://litnet.com/ru/book/pechen-psihosomatika-affirmacii-b465616,"Нон-фикшн, Нон-фикшн"
 Makezzz,цикл,"жизненный цикл в  666 слов
...",https://rust.litnet.com/uploads/covers/120/1718884378_47.jpg,https://litnet.com/ru/book/cikl-b483328,"Нон-фикшн, Нон-фикшн"
 Makezzz,обыденность,"когда приелось всё....
...",https://rust.litnet.com/uploads/covers/120/1718861630_5.jpg,https://litnet.com/ru/book/cikl-b483328,"Нон-фикшн, Нон-фикшн"
Нарративная Бригада,Две башни и слухи вокруг них,"В этом выпуске нового цикла вы узнаете сразу несколько городских легенд, которые так или иначе связаны с башнями, а также чем эти легенды похожи друг на друга и чем ...",https://rust.litnet.com/uploads/covers/120/1717432854_76.png,https://litnet.com/ru/book/cikl-b483328,"Нон-фикшн, Нон-фикшн"
 Makezzz,Калейдоскоп,"Множество личностей одной девушки уживаются вместе
...",https://rust.litnet.com/uploads/covers/120/1717393520_17.jpg,https://litnet.com/ru/book/cikl-b483328,"Нон-фикшн, Нон-фикшн"
Кенан Лещ,Праздник труда,"Мы решили поработать в праздник. Будь наша, конструкторская, воля, мы бы не работали. Но всех нас манили длинные праздники, целая неделя почти отпуска. И у многих уже ...",https://rust.litnet.com/uploads/covers/120/1717542675_58.png,https://litnet.com/ru/book/cikl-b483328,"Нон-фикшн, Нон-фикшн"
 Makezzz,Хомяки,"Альтернативное создание мира. а может и нет!
...",https://rust.litnet.com/uploads/covers/120/1717045374_4.jpg,https://litnet.com/ru/book/cikl-b483328,"Нон-фикшн, Нон-фикшн"
Tedor,Жить,"О желании жить

Это мое первое сочинение и буду рад оценке
...",https://rust.litnet.com/uploads/covers/120/1714728404_22.jpg,https://litnet.com/ru/book/cikl-b483328,"Нон-фикшн, Нон-фикшн"
Кенан Лещ,5 правил молодого дизайнера,"Грустная и немного веселая история о трудовых буднях молодого, только ""оперившегося"", дизайнера в нашей фирме с милым коллективом и заботливым начальством.

5 ...",https://rust.litnet.com/uploads/covers/120/1714333428_18.png,https://litnet.com/ru/book/cikl-b483328,"Нон-фикшн, Нон-фикшн"
Виктор Агеев-Полторжицкий,Пси Ψ: ключ к вселенной — квантовые тайны и духовные истины,"Символ пси (Ψ) является одним из наиболее уникальных и многогранных знаков, переплетая в себе науку, психологию, мифологию и духовность. В квантовой механике Ψ обоз...",https://rust.litnet.com/uploads/covers/120/1714135511_87.jpg,https://litnet.com/ru/book/cikl-b483328,"Нон-фикшн, Нон-фикшн"
Виктор Агеев-Полторжицкий,Воскрешение Христа и квантовая механика,"Воскрешение Иисуса Христа является центральным событием христианской веры, символизируя победу над смертью и обещание вечной жизни для верующих. С другой стороны...",https://rust.litnet.com/uploads/covers/120/1714047417_15.jpg,https://litnet.com/ru/book/cikl-b483328,"Нон-фикшн, Нон-фикшн"
Вадим Нонин,Игромания и стихотерапия,"Автобиографическая повесть о том, как Бог, творчество и анонимные сообщества помогли избавиться от игровой зависимости.

Содержит много юмора и стихов в тему.

Спас...",https://rust.litnet.com/uploads/covers/120/1713206841_11.jpg,https://litnet.com/ru/book/cikl-b483328,"Нон-фикшн, Нон-фикшн"
Поэтка,Первый,"стихи о комосе, мечте и первом космонавте 
...",https://rust.litnet.com/uploads/covers/120/1713171924_23.jpg,https://litnet.com/ru/book/cikl-b483328,"Нон-фикшн, Нон-фикшн"
Оксана Зарандия,"25 ошибок, которые мешают жить счастливо","В этой книге автор проведет вас через 25 глав, каждая из которых посвящена отдельной ошибке, способной стать препятствием на пути к личному благополучию с вопросами...",https://rust.litnet.com/uploads/covers/120/1713012524_98.jpg,https://litnet.com/ru/book/cikl-b483328,"Нон-фикшн, Нон-фикшн"
Кенан Лещ,Экскурсия,"Девчата организовали экскурсию на завод Аливария. Сначала было скучно, но если человек хочет получить новые впечатления, то он их получает. ...",https://rust.litnet.com/uploads/covers/120/1712829534_32.png,https://litnet.com/ru/book/cikl-b483328,"Нон-фикшн, Нон-фикшн"
Наталья Карасёва,Идентификация-2,"Приехали с Джоем в Москву на нашем старом сером «Москвиче». Как раз происходил процесс продажи московской квартиры, покупки нового «Москвича» и дома в деревне. Пер...",https://rust.litnet.com/uploads/covers/120/1712440358_68.jpg,https://litnet.com/ru/book/cikl-b483328,"Нон-фикшн, Нон-фикшн"
Наталья Карасёва,Птички,"Повадились скворцы и дрозды вишню клевать. Вишни как никогда много уродилось, хочется варенья наварить, а тут такая напасть. Муж пытался сам птиц гонять, чучела ста...",https://rust.litnet.com/uploads/covers/120/1712439725_50.jpg,https://litnet.com/ru/book/cikl-b483328,"Нон-фикшн, Нон-фикшн"
Виктор Агеев-Полторжицкий,Гэндальф как аллегория Христа,"Эпическая сага Дж. Р. Р. Толкина «Властелин колец» представляет собой богатую ткань фантастического мира, оживленную знаковыми персонажами и вечными темами. Среди ...",https://rust.litnet.com/uploads/covers/120/1711330064_30.jpg,https://litnet.com/ru/book/cikl-b483328,"Нон-фикшн, Нон-фикшн"
Виктор Агеев-Полторжицкий,Переосмысление роли Дьявола в духовном прогрессе,"Во многих религиозных и мифологических традициях мир представлен как арена вечного противоборства между добром и злом, светом и тьмой, Богом и Дьяволом. Однако, ес...",https://rust.litnet.com/uploads/covers/120/1711064310_58.jpg,https://litnet.com/ru/book/cikl-b483328,"Нон-фикшн, Нон-фикшн"
Виктор Агеев-Полторжицкий,Воланд: Дьявол или Бог? Неоднозначная роль темной фигуры,"В романе Михаила Булгакова «Мастер и Маргарита» образ Воланда, безусловно, один из самых загадочных и многогранных. Мнения читателей и критиков о том, кем является ...",https://rust.litnet.com/uploads/covers/120/1711019823_84.jpg,https://litnet.com/ru/book/cikl-b483328,"Нон-фикшн, Нон-фикшн"
Виктор Агеев-Полторжицкий,Мастер и Иван Бездомный – передача знаний в романе,"Роман Михаила Булгакова «Мастер и Маргарита» славится своей многоплановостью и глубиной образов. Среди многочисленных интерпретаций, одной из наиболее интригующ...",https://rust.litnet.com/uploads/covers/120/1711014304_56.jpg,https://litnet.com/ru/book/cikl-b483328,"Нон-фикшн, Нон-фикшн"
Виктор Агеев-Полторжицкий,Хаарп и управление погодой: мифы и реальность,"В последние десятилетия проект HAARP (High-Frequency Active Auroral Research Program) стал объектом множества теорий заговора. Некоторые утверждают, что эта научная установка, расположен...",https://rust.litnet.com/uploads/covers/120/1739686287_61.jpg,https://litnet.com/ru/book/xaarp-i-upravlenie-pogodoi-mify-i-realnost-b516586,"Нон-фикшн, Нон-фикшн"
Виктор Агеев-Полторжицкий,Влияние химических веществ в воздухе на здоровье и сознание,"В статье рассматриваются гипотезы о возможном воздействии химических веществ, распыляемых в атмосфере, на здоровье и сознание человека. Обсуждаются потенциальны...",https://rust.litnet.com/uploads/covers/120/1739686036_38.jpg,https://litnet.com/ru/book/xaarp-i-upravlenie-pogodoi-mify-i-realnost-b516586,"Нон-фикшн, Нон-фикшн"
Виктор Агеев-Полторжицкий,"Загрязнение воздуха, технологии манипуляции и их влияние","В данной статье рассматривается проблема возможного целенаправленного воздействия на здоровье человека через загрязнение воздуха и использование технологий, сп...",https://rust.litnet.com/uploads/covers/120/1739685734_37.jpg,https://litnet.com/ru/book/xaarp-i-upravlenie-pogodoi-mify-i-realnost-b516586,"Нон-фикшн, Нон-фикшн"
Виктор Агеев-Полторжицкий,"Путь к свету: Фродо, Сэм и Гэндальф как философские архетипы","Дж. Р. Р. Толкин в своем эпическом произведении ""Властелин колец"" создает сложную аллегорическую структуру, в которой каждый персонаж символизирует определенные ас...",https://rust.litnet.com/uploads/covers/120/1739329954_94.jpg,https://litnet.com/ru/book/xaarp-i-upravlenie-pogodoi-mify-i-realnost-b516586,"Нон-фикшн, Нон-фикшн"
Виктор Агеев-Полторжицкий,"Правдивая информация как Бог, лживая как Дьявол","В современном мире информация играет ключевую роль в формировании мировоззрения человека, его поведения и решений. Однако в эпоху цифровизации и информационного ...",https://rust.litnet.com/uploads/covers/120/1739329121_96.jpg,https://litnet.com/ru/book/xaarp-i-upravlenie-pogodoi-mify-i-realnost-b516586,"Нон-фикшн, Нон-фикшн"
Виктор Агеев-Полторжицкий,"Знание, истина и смысл: путь к Богу и жизни","Вопрос о взаимосвязи знания, информации и постижения высших истин — Бога и смысла жизни — волнует человечество на протяжении всей его истории. С древних времен фи...",https://rust.litnet.com/uploads/covers/120/1739328936_33.jpg,https://litnet.com/ru/book/xaarp-i-upravlenie-pogodoi-mify-i-realnost-b516586,"Нон-фикшн, Нон-фикшн"
Виктор Агеев-Полторжицкий,На войне нарушается право человека на жизнь,"Война — это одно из самых трагических явлений в истории человечества. Она неизбежно сопровождается насилием, разрушениями и гибелью людей. В условиях вооруженных ...",https://rust.litnet.com/uploads/covers/120/1739248747_40.jpg,https://litnet.com/ru/book/xaarp-i-upravlenie-pogodoi-mify-i-realnost-b516586,"Нон-фикшн, Нон-фикшн"
Виктор Агеев-Полторжицкий,Человек как часть Теории Всего,"Вопрос о месте человека в мироздании всегда занимал умы философов, ученых и теологов. С развитием науки и технологий человечество приблизилось к созданию так назы...",https://rust.litnet.com/uploads/covers/120/1739248575_97.jpg,https://litnet.com/ru/book/xaarp-i-upravlenie-pogodoi-mify-i-realnost-b516586,"Нон-фикшн, Нон-фикшн"
Виктор Агеев-Полторжицкий,Человек как со-творец реальности,"Человек, как уникальное существо, наделен способностью к творчеству, которая выделяет его среди других форм жизни. Творчество — это не просто создание материальны...",https://rust.litnet.com/uploads/covers/120/1739248405_62.jpg,https://litnet.com/ru/book/xaarp-i-upravlenie-pogodoi-mify-i-realnost-b516586,"Нон-фикшн, Нон-фикшн"
Виктор Агеев-Полторжицкий,Человек как творец: осознавший себя разум меняет всё,"Человек, как существо разумное, занимает уникальное место в мире. Его способность к самосознанию, творчеству и преобразованию окружающей среды делает его не прост...",https://rust.litnet.com/uploads/covers/120/1739248150_55.jpg,https://litnet.com/ru/book/xaarp-i-upravlenie-pogodoi-mify-i-realnost-b516586,"Нон-фикшн, Нон-фикшн"
Виктор Агеев-Полторжицкий,Крылья свободы: Технологический прогресс vs Соц. контроль,"Человечество всегда стремилось к свободе — как физической, так и духовной. Полет, как символ абсолютной свободы, долгое время оставался мечтой, но с развитием техн...",https://rust.litnet.com/uploads/covers/120/1739156784_89.jpg,https://litnet.com/ru/book/xaarp-i-upravlenie-pogodoi-mify-i-realnost-b516586,"Нон-фикшн, Нон-фикшн"
Виктор Агеев-Полторжицкий,Черный камень Каабы как Чинтамани: символика и интерпретации,"Черный камень Каабы, известный как аль-Хаджар аль-Асвад, является одной из самых загадочных реликвий исламского мира. Он находится в восточном углу священной Каабы...",https://rust.litnet.com/uploads/covers/120/1739156417_12.jpg,https://litnet.com/ru/book/xaarp-i-upravlenie-pogodoi-mify-i-realnost-b516586,"Нон-фикшн, Нон-фикшн"
Виктор Агеев-Полторжицкий,Иисус как Путь: Геройская борьба со злом и несправедливостью,"Когда Иисус Христос сказал: «Я есмь путь, истина и жизнь» (Ин. 14:6), он указал на глубокую духовную истину, которая имеет значение не только для верующих, но и для всех ...",https://rust.litnet.com/uploads/covers/120/1739156199_16.jpg,https://litnet.com/ru/book/xaarp-i-upravlenie-pogodoi-mify-i-realnost-b516586,"Нон-фикшн, Нон-фикшн"
Виктор Агеев-Полторжицкий,"Побеждая мир, он подстраивается под тебя","Мир, в котором мы живем, полон ограничений — физических, социальных, психологических. С самого рождения человек сталкивается с рамками, которые кажутся непреодоли...",https://rust.litnet.com/uploads/covers/120/1739154567_41.jpg,https://litnet.com/ru/book/xaarp-i-upravlenie-pogodoi-mify-i-realnost-b516586,"Нон-фикшн, Нон-фикшн"
Виктор Агеев-Полторжицкий,Вера в себя: Учение Иисуса о внутренней силе человека,"Учение Иисуса Христа представляет собой глубокую философию, основанную на любви, милосердии и внутренней силе человека. Одним из ключевых аспектов его проповеди я...",https://rust.litnet.com/uploads/covers/120/1739154026_93.jpg,https://litnet.com/ru/book/xaarp-i-upravlenie-pogodoi-mify-i-realnost-b516586,"Нон-фикшн, Нон-фикшн"
Владислав Педдер,Опыт трагического,«Опыт трагического» — это исследование природы человеческих страхов и ограничений. Книга предлагает взгляд нигилизма и пессимизма на трагичес...,https://rust.litnet.com/uploads/covers/120/1748666745_57.png,https://litnet.com/ru/book/xaarp-i-upravlenie-pogodoi-mify-i-realnost-b516586,"Нон-фикшн, Нон-фикшн"
Катерина Пехтерева,Он мой,"Как описать моё состояние? 

«Я бежала по лесу не замечая, как ветки деревьев хлещут меня по лицу и телу. Обжигая мою кожу до красноты. Хотеть испытать хоть какие-то ч...",https://rust.litnet.com/uploads/covers/120/1738862490_36.jpg,https://litnet.com/ru/book/xaarp-i-upravlenie-pogodoi-mify-i-realnost-b516586,"Нон-фикшн, Нон-фикшн"
Дубинин,Взгляд на мир декаданса,"Декаданс поглотил современный мир и общество, квази-христианская мораль ликует на курганах людских голов. Отнюдь благородный дух, будучи неискоренимым все также м...",https://rust.litnet.com/uploads/covers/120/1738697083_74.jpg,https://litnet.com/ru/book/xaarp-i-upravlenie-pogodoi-mify-i-realnost-b516586,"Нон-фикшн, Нон-фикшн"
Кенан Лещ,"Госты, правила, дизайн","История о сказочной лени молодёжи.
Примечание - Сайт автоматически исправляет в сокращении ГОСТ в названии буквы на маленькие, поэтому слово в обложке дано с учёто...",https://rust.litnet.com/uploads/covers/120/1738667722_77.jpg,https://litnet.com/ru/book/xaarp-i-upravlenie-pogodoi-mify-i-realnost-b516586,"Нон-фикшн, Нон-фикшн"
Летняя Анна,"Почему Джек в конце ""Ночного рейса"" пытается убить Лиз?","Джек - не подготовленная машина для убийств, его задача - чтобы политик по имени Киф был убит, а задача Лиз - чтобы он выжил. Но так ли это на самом деле?
...",https://rust.litnet.com/uploads/covers/120/1738470201_69.jpg,https://litnet.com/ru/book/xaarp-i-upravlenie-pogodoi-mify-i-realnost-b516586,"Нон-фикшн, Нон-фикшн"
Вадим Нестеров (Сергей Волчок),От Чудовища до Снежной королевы,"Книга для всех, кто любит сказки. Она создана на основе моего блога, где я пытаюсь рассказать про рождение культовых сказочных героев, созданных зарубежными автора...",https://rust.litnet.com/uploads/covers/120/1748504665_100.jpg,https://litnet.com/ru/book/ot-chudovishcha-do-snezhnoi-korolevy-b532336,"Нон-фикшн, Нон-фикшн"
Вадим Нестеров (Сергей Волчок),От древних греков до Золушки,"Книга для всех, кто любит сказки. Она создана на основе моего блога, где я пытаюсь рассказать про рождение культовых сказочных героев, созданных зарубежными автора...",https://rust.litnet.com/uploads/covers/120/1748358208_53.jpg,https://litnet.com/ru/book/ot-chudovishcha-do-snezhnoi-korolevy-b532336,"Нон-фикшн, Нон-фикшн"
Федор Ром,М У Х А,"Психологический Анализ фильма "" М У ХА "" Девида Кроненберга...и продолжение фильма с другим режиссёром...
...",https://rust.litnet.com/uploads/covers/120/1748193600_94.png,https://litnet.com/ru/book/ot-chudovishcha-do-snezhnoi-korolevy-b532336,"Нон-фикшн, Нон-фикшн"
Федор Ром,В Южном Городе Гаснет Свет,"Город в погасшем забвении...
...",https://rust.litnet.com/uploads/covers/120/1748080687_26.png,https://litnet.com/ru/book/ot-chudovishcha-do-snezhnoi-korolevy-b532336,"Нон-фикшн, Нон-фикшн"
Ираида Агафонова,Как Зоя Фёдоровна не прошла сертификацию.,"Рассказ о том, как героиня не справилась со своими эмоциями. 
...",https://rust.litnet.com/uploads/covers/120/1747926051_31.jpg,https://litnet.com/ru/book/ot-chudovishcha-do-snezhnoi-korolevy-b532336,"Нон-фикшн, Нон-фикшн"
Федор Ром,Марш Маленького Народа,"Жизнь муравья подобно человеку
...",https://rust.litnet.com/uploads/covers/120/1747915667_38.png,https://litnet.com/ru/book/ot-chudovishcha-do-snezhnoi-korolevy-b532336,"Нон-фикшн, Нон-фикшн"
Таша Воин,Первые шаги. Откровения,"В этой книге будут собраны короткие рассказы, посвященные моей творческой жизни. Это и памятные моменты в музыкальной деятельности, и последующие шаги в сторону пи...",https://rust.litnet.com/uploads/covers/120/1747884786_14.jpg,https://litnet.com/ru/book/ot-chudovishcha-do-snezhnoi-korolevy-b532336,"Нон-фикшн, Нон-фикшн"
Федор Ром,Город Пророчества,"Город в котором нас нет...
...",https://rust.litnet.com/uploads/covers/120/1747747894_61.png,https://litnet.com/ru/book/ot-chudovishcha-do-snezhnoi-korolevy-b532336,"Нон-фикшн, Нон-фикшн"
Мансур Аль-Гураши,Робот-бедуин Али Хаким,"Нейросуфийские опыты

 
...",https://rust.litnet.com/uploads/covers/120/1748117527_56.jpg,https://litnet.com/ru/book/ot-chudovishcha-do-snezhnoi-korolevy-b532336,"Нон-фикшн, Нон-фикшн"
Федор Ром,""" Нечто "" Джона Карпентера","Анализ фильма Джона Карпентера "" Нечто "" , являющийся ремейком фильма из 50-х годов по повести "" Стой , кто идёт !? ""

 
...",https://rust.litnet.com/uploads/covers/120/1747556265_74.png,https://litnet.com/ru/book/ot-chudovishcha-do-snezhnoi-korolevy-b532336,"Нон-фикшн, Нон-фикшн"
Федор Ром,С О М Н Е Н И Я,"Внутренний страх нелегко перебороть.
...",https://rust.litnet.com/uploads/covers/120/1747545294_23.png,https://litnet.com/ru/book/ot-chudovishcha-do-snezhnoi-korolevy-b532336,"Нон-фикшн, Нон-фикшн"
Федор Ром,Псориаз,"Проблемная кожа и кожаные заболевания.
...",https://rust.litnet.com/uploads/covers/120/1747373615_43.png,https://litnet.com/ru/book/ot-chudovishcha-do-snezhnoi-korolevy-b532336,"Нон-фикшн, Нон-фикшн"
Александр Бугаёв,Индустрия Кндр. Развитие развлечений в Северной Корее,"Книга «Индустрия КНДР: Как развивались развлечения в Северной Корее?» погружает читателя в малоизученный мир северокорейской культуры, раскрывая эволюцию телеви...",https://rust.litnet.com/uploads/covers/120/1747162574_27.jpg,https://litnet.com/ru/book/ot-chudovishcha-do-snezhnoi-korolevy-b532336,"Нон-фикшн, Нон-фикшн"
Федор Ром,Карри Из Гундулу,"Острая пища.
...",https://rust.litnet.com/uploads/covers/120/1746933801_84.png,https://litnet.com/ru/book/ot-chudovishcha-do-snezhnoi-korolevy-b532336,"Нон-фикшн, Нон-фикшн"
Федор Ром,В Честь Дня Победы...,"День победы. 🎗️

Жизнь во время великой отечественной войны.

Как питались бойцы на войне.
...",https://rust.litnet.com/uploads/covers/120/1746790649_90.png,https://litnet.com/ru/book/ot-chudovishcha-do-snezhnoi-korolevy-b532336,"Нон-фикшн, Нон-фикшн"
Рушковская Юлия,Зоопарк,Жизненный сюр по воспоминаниям автора. Содержит нецензурные выражения....,https://rust.litnet.com/uploads/covers/120/1746633176_19.jpg,https://litnet.com/ru/book/ot-chudovishcha-do-snezhnoi-korolevy-b532336,"Нон-фикшн, Нон-фикшн"
Федор Ром,Шакшука,"Шакшука - наивкуснейшая история древнего блюда..
...",https://rust.litnet.com/uploads/covers/120/1746468292_56.png,https://litnet.com/ru/book/ot-chudovishcha-do-snezhnoi-korolevy-b532336,"Нон-фикшн, Нон-фикшн"
Михаил Октябрьский,Мыслить параллельно,"Вы когда-нибудь чувствовали, что мир ускоряется, а ваш мозг — нет? Что объем информации, задач и идей растет быстрее, чем ваша способность их обрабатывать? До...",https://rust.litnet.com/uploads/covers/120/1746462416_44.jpg,https://litnet.com/ru/book/ot-chudovishcha-do-snezhnoi-korolevy-b532336,"Нон-фикшн, Нон-фикшн"
Федор Ром,Волшебство,"Волшебство морского трилистника.
...",https://rust.litnet.com/uploads/covers/120/1746339466_100.png,https://litnet.com/ru/book/ot-chudovishcha-do-snezhnoi-korolevy-b532336,"Нон-фикшн, Нон-фикшн"
Есси Юн,Жемчужина подсознания: путь к осознанным снам,"Как понять, что ты спишь — и не проснуться от этого?

Эта книга — практическое и личное руководство по осознанным сновидениям.
Ты узнаешь, как запоминать сны, осозна...",https://rust.litnet.com/uploads/covers/120/1746283635_60.jpg,https://litnet.com/ru/book/ot-chudovishcha-do-snezhnoi-korolevy-b532336,"Нон-фикшн, Нон-фикшн"
Самойлова Анна,"Мои потницы, откройтесь!","Говорят, что женщины управляют миром ногами. Это действительно так. Женская энергетика проходит через все тело, наполняясь мыслями, чувствами и желанием и выходит ...",https://rust.litnet.com/uploads/covers/120/1731869641_7.png,https://litnet.com/ru/book/moi-potnicy-otkroites-b502273,"Нон-фикшн, Нон-фикшн"
Ксения Толкачева,Мир на вершине башни,"Книга о том, как навести порядок в башне и не спалить все к чертям, если дракон - это ты....",https://rust.litnet.com/uploads/covers/120/1730587701_27.jpg,https://litnet.com/ru/book/moi-potnicy-otkroites-b502273,"Нон-фикшн, Нон-фикшн"
Александр Костин.,Почему мы любим фэнтези,Что делает фэнтези таким притягательным? Почему миллионы читателей по всему миру снова и снова возвращаются к мифическим мирам и магическим приключениям? В этой к...,https://rust.litnet.com/uploads/covers/120/1730224556_27.jpg,https://litnet.com/ru/book/moi-potnicy-otkroites-b502273,"Нон-фикшн, Нон-фикшн"
Александр Костин.,Курс писательского мастерства: Как писать фэнтези,"Мечтаете создать свой уникальный фэнтези-мир, где магия реальна, а герои совершают великие подвиги? Хотите, чтобы ваша история захватывала дух и оставалась в памят...",https://rust.litnet.com/uploads/covers/120/1730222775_67.jpg,https://litnet.com/ru/book/moi-potnicy-otkroites-b502273,"Нон-фикшн, Нон-фикшн"
Григорий Богорад,Урок астрономии,Будни сельской библиотеки....,https://rust.litnet.com/uploads/covers/120/1729794210_15.jpg,https://litnet.com/ru/book/moi-potnicy-otkroites-b502273,"Нон-фикшн, Нон-фикшн"
Григорий Богорад,Две истории,"Порой грустно, порой смешно! Порой очень грустно!
...",https://rust.litnet.com/uploads/covers/120/1729697110_92.jpg,https://litnet.com/ru/book/moi-potnicy-otkroites-b502273,"Нон-фикшн, Нон-фикшн"
ДИГА,Тревожность,"написано в состоянии тревоги

 
...",https://rust.litnet.com/common/img/empty_cover_litnet.png,https://litnet.com/ru/book/moi-potnicy-otkroites-b502273,"Нон-фикшн, Нон-фикшн"
Кенан Лещ,Зубчатая пара,"Нашему бюро поручили немного изменить конструкцию вертолета. Парни у нас рукастые и умеют думать, но вот изготовить некоторые детали, как бы ни хотелось начальству...",https://rust.litnet.com/uploads/covers/120/1728123654_72.png,https://litnet.com/ru/book/moi-potnicy-otkroites-b502273,"Нон-фикшн, Нон-фикшн"
ДИГА,грёзы,"в данном стихотворении отражену мои мысли, преследующие меня по завещанию каждого дня
...",https://rust.litnet.com/common/img/empty_cover_litnet.png,https://litnet.com/ru/book/moi-potnicy-otkroites-b502273,"Нон-фикшн, Нон-фикшн"
Дубинин,Когда я плачу. Письмо философа,"Личное письмо-исповедь, написанное от лица человека, глубоко погруженного в размышления о смысле жизни и собственной роли в мире. Находясь в состоянии глубокой душ...",https://rust.litnet.com/uploads/covers/120/1726009444_68.jpg,https://litnet.com/ru/book/moi-potnicy-otkroites-b502273,"Нон-фикшн, Нон-фикшн"
Кирилл Ракитин,О медицине и не только,"Небольшие рассказы и заметки, тематически связанные с медициной
...",https://rust.litnet.com/uploads/covers/120/1724956919_53.jpg,https://litnet.com/ru/book/moi-potnicy-otkroites-b502273,"Нон-фикшн, Нон-фикшн"
Кенан Лещ,"Не наш интерес, но мы обсудим","Советы у нас раздаются всем и на любую тематику. Бесплатно, с приправой из шуток. 
...",https://rust.litnet.com/uploads/covers/120/1723990088_99.png,https://litnet.com/ru/book/moi-potnicy-otkroites-b502273,"Нон-фикшн, Нон-фикшн"
Кенан Лещ,Повестка на военные сборы,"В послелние годы парни фирмы стали активно ходить на сборы, где учатся ходить строем и держать оружие, а также могут почувствовать себя солдатом в окопе - уставшим и...",https://rust.litnet.com/uploads/covers/120/1723475679_1.png,https://litnet.com/ru/book/moi-potnicy-otkroites-b502273,"Нон-фикшн, Нон-фикшн"
Греднев Илья,Что не так с Крымом?,"Нереализованный потенциал туристического рая

Ответ на вопрос:
Как превратить Крым в туристический рай в ближайшие годы?

Книга не лишена юмора, наполнена образным...",https://rust.litnet.com/uploads/covers/120/1721158424_56.jpg,https://litnet.com/ru/book/moi-potnicy-otkroites-b502273,"Нон-фикшн, Нон-фикшн"
Алёна Романова ,Голод,"Говард Лавкрафт,  разочаровашись  в семейной жизни, возвращается домой из Нью-Йорка, по дороге встречает озабоченную женщину, которая хочет накормить его пельменя...",https://rust.litnet.com/common/img/empty_cover_litnet.png,https://litnet.com/ru/book/moi-potnicy-otkroites-b502273,"Нон-фикшн, Нон-фикшн"
Алёна Романова ,Козявочка,"Маленький Говард Лавкрафт навещает с матерью отца и сталкивается со странностями.
...",https://rust.litnet.com/uploads/covers/120/1721196804_27.jpg,https://litnet.com/ru/book/moi-potnicy-otkroites-b502273,"Нон-фикшн, Нон-фикшн"
Рада Дар,Проживая травму,"Один из вариантов пути проживания посттравматического расстройства. Психология, эзотерика, духовные практики. В 30 лет детские травмы начинают напоминать о себе...",https://rust.litnet.com/uploads/covers/120/1720863089_37.jpg,https://litnet.com/ru/book/moi-potnicy-otkroites-b502273,"Нон-фикшн, Нон-фикшн"
Андрей Тиеров,Как я мыл кастрюлю в Карибском море,"Воспоминания о работе волонтером на Гаити, где я провел почти год своей жизни. Мелочи жизни, различные случаи, запомнившиеся события. Столичная пробка из-за Билла К...",https://rust.litnet.com/uploads/covers/120/1720380305_54.jpg,https://litnet.com/ru/book/moi-potnicy-otkroites-b502273,"Нон-фикшн, Нон-фикшн"
Владимир Веретенников (Савва),Что может рассказать Ии о русской философии,"Что мне поведали две нейросети о русской философии...
...",https://rust.litnet.com/common/img/empty_cover_litnet.png,https://litnet.com/ru/book/moi-potnicy-otkroites-b502273,"Нон-фикшн, Нон-фикшн"
Владимир Веретенников (Савва),Вопросы для Ии и для всего человечества,"Что мне ответил ИИ на вопросы фундаментальные для всего человеческого общества...
...",https://rust.litnet.com/common/img/empty_cover_litnet.png,https://litnet.com/ru/book/moi-potnicy-otkroites-b502273,"Нон-фикшн, Нон-фикшн"
Катерина Пехтерева,Попытка номер...,"«Ой, ну чего ты ревешь-то? Когда вырастешь, знаешь сколько у тебя этих подруг будет?!» - мне мама так всегда говорила, когда я ссорилась с подругами или однокласс...",https://rust.litnet.com/uploads/covers/120/1738632827_72.jpg,https://litnet.com/ru/book/popytka-nomer-b514157,"Нон-фикшн, Нон-фикшн"
Камила Клюнова,Сказки для сердца! Путеводитель по пути исцеления,"Эта книга — волшебный путеводитель к внутренним переменам, исполнению желаний и обретению гармонии. В её страницах оживают удивительные сказки, каждая из котор...",https://rust.litnet.com/uploads/covers/120/1739218127_8.png,https://litnet.com/ru/book/popytka-nomer-b514157,"Нон-фикшн, Нон-фикшн"
Ираида Агафонова,Как друзья мечтали на пенсии порыбачить,"История о том, как собака вернула интерес к жизни.


Обложка создана при помощи нейросети Kandinsky....",https://rust.litnet.com/uploads/covers/120/1737559137_52.jpg,https://litnet.com/ru/book/popytka-nomer-b514157,"Нон-фикшн, Нон-фикшн"
Катерина Пехтерева,Моя Варя,"Девушка Аля делится с подругой Варварой, своей историей. Предательство.

В конце стихотворение посвященное мужу Али. История основанна на реальных события...",https://rust.litnet.com/uploads/covers/120/1737474547_17.jpeg,https://litnet.com/ru/book/popytka-nomer-b514157,"Нон-фикшн, Нон-фикшн"
Елена Ашкаар,Предложили интим на первом свидании. Как ответить,"Здесь вы найдёте подсказку, как достойно ответить на предложение интима на первом свидании, при этом остаться в хорошем настроении и, вполне возможно, даже повысит...",https://rust.litnet.com/uploads/covers/120/1737046060_99.jpg,https://litnet.com/ru/book/popytka-nomer-b514157,"Нон-фикшн, Нон-фикшн"
Ираида Агафонова,Как жизнь железнодорожника чуть не потеряла смысл.,"Рассказ о том, что нет в мире стабильности. Или есть, но она может дать сбой.

Обложка создана при помощи нейросети Kandinsky....",https://rust.litnet.com/uploads/covers/120/1736790966_84.jpg,https://litnet.com/ru/book/popytka-nomer-b514157,"Нон-фикшн, Нон-фикшн"
Ираида Агафонова,Как Зинаида Ивановна получила пенсию в купюрах ...,"Как сотрудники почты, магазина и полиции сделали жизнь пенсионерки более интересной.


Обложка создана при помощи нейросети Kandinsky....",https://rust.litnet.com/uploads/covers/120/1736788271_100.jpg,https://litnet.com/ru/book/popytka-nomer-b514157,"Нон-фикшн, Нон-фикшн"
Таня Стар,"Сочи, море, пляж","Правдивая и печальная история из жизни...
...",https://rust.litnet.com/uploads/covers/120/1736765934_8.png,https://litnet.com/ru/book/popytka-nomer-b514157,"Нон-фикшн, Нон-фикшн"
Ираида Агафонова,Как мама проработала мои детские травмы,"История о том, что не все детские драмы нужно холить и лелеять. ...",https://rust.litnet.com/uploads/covers/120/1736606095_12.jpg,https://litnet.com/ru/book/popytka-nomer-b514157,"Нон-фикшн, Нон-фикшн"
Елена Свительская,Песня сердца матери,"Мои стихи и песни разных лет, о материнстве и детях...

Мои разные воспоминания, мечты и слёзы о детях, моём умершем и о детках прежде срока умерших мертворожденных др...",https://rust.litnet.com/uploads/covers/120/1736473688_47.jpg,https://litnet.com/ru/book/popytka-nomer-b514157,"Нон-фикшн, Нон-фикшн"
Кенан Лещ,Подготовка к корпоративу,"В нашей фирме работают, в основном, ребята молодые и здоровые. Естественно, они любят не только поесть, но выпить, да и разнообразно отдохнуть. За процессом подготов...",https://rust.litnet.com/uploads/covers/120/1736431324_23.jpg,https://litnet.com/ru/book/popytka-nomer-b514157,"Нон-фикшн, Нон-фикшн"
Виктор Лугинин,Топ-3 мошенниц на сайтах знакомств,"Сайты знакомств самый простой способ найти вторую половинку. В теории тысячи людей по лайкам могут устраивать свидания, приятно проводить время, начинать отношени...",https://rust.litnet.com/uploads/covers/120/1736240450_39.jpg,https://litnet.com/ru/book/popytka-nomer-b514157,"Нон-фикшн, Нон-фикшн"
Ираида Агафонова,Как я получила приз в розыгрыше подгузников,"История о уверенности в своём будущем выигрыше.



Обложка создана при помощи нейросети Kandinsky....",https://rust.litnet.com/uploads/covers/120/1735417241_53.jpg,https://litnet.com/ru/book/popytka-nomer-b514157,"Нон-фикшн, Нон-фикшн"
Эвелина Шегай,Путеводитель по Мальдоре,"На страницах путеводителя вы найдете всю актуальную информацию по написанным циклам, общие сведения о географии мира, расах, устройстве системы образования у ведь...",https://rust.litnet.com/uploads/covers/120/1735367502_31.jpg,https://litnet.com/ru/book/popytka-nomer-b514157,"Нон-фикшн, Нон-фикшн"
Алексей Коробков,Краткий былинник,"Я не видел в интернете такого сверхкороткого пересказа, чтобы в один присест познакомиться со всеми былинами. Тут почти все сюжеты, кроме самых редких. К былинам я п...",https://rust.litnet.com/uploads/covers/120/1735059364_86.jpg,https://litnet.com/ru/book/popytka-nomer-b514157,"Нон-фикшн, Нон-фикшн"
Катерина Пехтерева,Майя,"Вы хотели свободные отношения? Получите распишитесь как говориться.
История про Майю и её свободные отношения в серьёзных отношениях. Тавтология, ммм, обожаю.
Возм...",https://rust.litnet.com/uploads/covers/120/1734897279_1.jpg,https://litnet.com/ru/book/popytka-nomer-b514157,"Нон-фикшн, Нон-фикшн"
Anonimen,"Искусственный интеллект. Здравствуй, папа!","Искусственный Интеллект ставит человека перед выбором: стать сверхчеловеком или исчезнуть. Бывший госсекретарь США Киссинджер, бывший гендиректор Google Шмидт и быв...",https://rust.litnet.com/uploads/covers/120/1734774787_23.jpg,https://litnet.com/ru/book/popytka-nomer-b514157,"Нон-фикшн, Нон-фикшн"
Катерина Пехтерева,Киа и Тая,"Существует ли женская дружба? Можно ли дружить, когда у вас совершенно противоположные взгляды на жизнь? Возможно ли построить дружбу двум людям с разной жизнью? Др...",https://rust.litnet.com/uploads/covers/120/1734474348_14.jpeg,https://litnet.com/ru/book/popytka-nomer-b514157,"Нон-фикшн, Нон-фикшн"
Ираида Агафонова,"Как мы с Олей застряли в поле, или русские своих не бросают.","История о том, как две подруги застряли зимой в поле. Подруга оказалась настоящая, муж надёжный, а люди, оказавшиеся рядом - золотые....",https://rust.litnet.com/uploads/covers/120/1733220715_46.jpeg,https://litnet.com/ru/book/popytka-nomer-b514157,"Нон-фикшн, Нон-фикшн"
Кенан Лещ,Осенний суп,"У наших мужчин, как и у большинства,  любимыми  темами  разговоров  является  алкоголь и техника. Ночью был очередной  осенний  заморозок и тема горячительных нап...",https://rust.litnet.com/uploads/covers/120/1732385851_36.jpg,https://litnet.com/ru/book/popytka-nomer-b514157,"Нон-фикшн, Нон-фикшн"
Наталья Карабут,Жизнь женщины с безуминкой,"Прошел не один, к сожалению десяток лет, как я решилась на ЭТО.
Нынче модно быть писателем, даже сильнее, чем читателем, но жертвой моды я не стала, скорее жертвой обс...",https://rust.litnet.com/uploads/covers/120/1745846379_61.jpg,https://litnet.com/ru/book/zhizn-zhenshchiny-s-bezuminkoi-b527410,"Нон-фикшн, Нон-фикшн"
Анна Шнейдер,Точка силы,"Моя история, рассказанная мной.
...",https://rust.litnet.com/uploads/covers/120/1745819206_53.png,https://litnet.com/ru/book/zhizn-zhenshchiny-s-bezuminkoi-b527410,"Нон-фикшн, Нон-фикшн"
Федор Ром,Вкус Бури Морской У Тебя На Губах,"ВКУС БУРИ МОРСКОЙ У ТЕБЯ НА ГУБАХ
...",https://rust.litnet.com/uploads/covers/120/1745651288_34.png,https://litnet.com/ru/book/zhizn-zhenshchiny-s-bezuminkoi-b527410,"Нон-фикшн, Нон-фикшн"
Федор Ром,Пираты Xx Века : Самый Кассовый Фильм в Ссср,"Пираты XX века : самый кассовый фильм 1979 года в СССР и за всю историю советского кино...
...",https://rust.litnet.com/uploads/covers/120/1745643346_62.png,https://litnet.com/ru/book/zhizn-zhenshchiny-s-bezuminkoi-b527410,"Нон-фикшн, Нон-фикшн"
Федор Ром,Архип Куинджи,"История жизни великого художника.
...",https://rust.litnet.com/uploads/covers/120/1745552483_2.png,https://litnet.com/ru/book/zhizn-zhenshchiny-s-bezuminkoi-b527410,"Нон-фикшн, Нон-фикшн"
Евгения Магнит,Размышления простого избирателя,"Это не художественная литература. В этой книге автор делится своими размышлениями простого человека с обычной судьбой. Но все же это простой человек, от которого м...",https://rust.litnet.com/uploads/covers/120/1745350341_19.png,https://litnet.com/ru/book/zhizn-zhenshchiny-s-bezuminkoi-b527410,"Нон-фикшн, Нон-фикшн"
Минтао,Код писателя,"Хотите понять, как улучшить свои навыки писательства? С помощью этого сборника мы разберёмся в основных писательских моментах, применяя теорию литературы и собира...",https://rust.litnet.com/uploads/covers/120/1745145007_73.png,https://litnet.com/ru/book/zhizn-zhenshchiny-s-bezuminkoi-b527410,"Нон-фикшн, Нон-фикшн"
Федор Ром,"Маркиз Де Сад - "" Да, Я развратник и горжусь этим ""","Маркиз де Сад, настоящее имя которого Донатиен Альфонс Франсуа, родился 2 июня 1743 года в Париже в обеспеченной аристократической семье. Известный своими провокацио...",https://rust.litnet.com/uploads/covers/120/1745038040_30.png,https://litnet.com/ru/book/zhizn-zhenshchiny-s-bezuminkoi-b527410,"Нон-фикшн, Нон-фикшн"
Кенан Лещ,Кулер,"Наши парни любят работать,  особенно если нужно что-то разобрать. А тут такой повод... 
...",https://rust.litnet.com/uploads/covers/120/1745001817_83.jpg,https://litnet.com/ru/book/zhizn-zhenshchiny-s-bezuminkoi-b527410,"Нон-фикшн, Нон-фикшн"
Вадим Нестеров (Сергей Волчок),Тот самый длинный день в году...,"Казалось бы – ну что интересного можно найти в довоенной подшивке институтской малотиражки ""Сталь""?
Итоги сессии? Репортажи с летней практики студентов на ...",https://rust.litnet.com/uploads/covers/120/1744820915_48.jpg,https://litnet.com/ru/book/zhizn-zhenshchiny-s-bezuminkoi-b527410,"Нон-фикшн, Нон-фикшн"
Дороти Би,"Не благодаря, а вопреки. Как я поборола рак?","Вы когда-нибудь задумывались, что такое рак? С чем у вас ассоциируется этот диагноз? О чём вам говорит это слово? Знаете ли вы как рак распространяется по организму? ...",https://rust.litnet.com/uploads/covers/120/1744708427_90.jpg,https://litnet.com/ru/book/zhizn-zhenshchiny-s-bezuminkoi-b527410,"Нон-фикшн, Нон-фикшн"
Ясмина Сапфир,Как убедить мужа похудеть и при этом не поседеть,"Как убедить мужа похудеть и при этом не поседеть.
Кулинарно-медицинская юмористическая драма (А вот как хотите, так и понимайте).
Аннотация: в шутку и всерьез, о наше...",https://rust.litnet.com/uploads/covers/120/1745411830_79.jpg,https://litnet.com/ru/book/zhizn-zhenshchiny-s-bezuminkoi-b527410,"Нон-фикшн, Нон-фикшн"
Анна Чудесная,Технология души,"Иногда случайные встречи значат больше, чем мы думаем.
...",https://rust.litnet.com/uploads/covers/120/1743098242_61.jpg,https://litnet.com/ru/book/zhizn-zhenshchiny-s-bezuminkoi-b527410,"Нон-фикшн, Нон-фикшн"
Таня Стар,Сквозь года,"Короткий рассказ о любви и преданности...
...",https://rust.litnet.com/uploads/covers/120/1743071868_74.png,https://litnet.com/ru/book/zhizn-zhenshchiny-s-bezuminkoi-b527410,"Нон-фикшн, Нон-фикшн"
Таня Стар,Пенсионный возраст,"Грустная правда жизни!!!
...",https://rust.litnet.com/uploads/covers/120/1742904000_43.png,https://litnet.com/ru/book/zhizn-zhenshchiny-s-bezuminkoi-b527410,"Нон-фикшн, Нон-фикшн"
 Makezzz,из пункта А,"А что , если вся наша жизнь, это задача из математики за 2 класс, а мы в ней поезд...
...",https://rust.litnet.com/uploads/covers/120/1742902078_51.jpg,https://litnet.com/ru/book/zhizn-zhenshchiny-s-bezuminkoi-b527410,"Нон-фикшн, Нон-фикшн"
Аня Гордейчук,Древние римляне и мы: разница в мировоззрении,"Люди в античности, на самом деле, не сильно отличались от нас, но в некоторых аспектах расхождения всё же есть.
...",https://rust.litnet.com/uploads/covers/120/1742830548_64.png,https://litnet.com/ru/book/zhizn-zhenshchiny-s-bezuminkoi-b527410,"Нон-фикшн, Нон-фикшн"
Виктор Агеев-Полторжицкий,Майтрея и учение тысячи богов: путь героя,"Майтрея, будущий Будда, занимает особое место в буддийской традиции. Его приход ассоциируется с новой эпохой, когда человечество будет готово воспринять высшее зн...",https://rust.litnet.com/uploads/covers/120/1742737173_73.jpg,https://litnet.com/ru/book/zhizn-zhenshchiny-s-bezuminkoi-b527410,"Нон-фикшн, Нон-фикшн"
Тимур Ахмеров,Стихами об исламе,"О пророках Ибрахиме (Аврааме) и Юсуфе (Иосифе Прекрасном) на основе ""Рассказов о пророках"" Али Надви, ""Рассказов из Корана"" Сеохарви и др....",https://rust.litnet.com/uploads/covers/120/1742312918_78.png,https://litnet.com/ru/book/zhizn-zhenshchiny-s-bezuminkoi-b527410,"Нон-фикшн, Нон-фикшн"
Виктор Агеев-Полторжицкий,Возможности чипирования и постоянного отравления людей,"В современном мире, где технологии развиваются с невероятной скоростью, вопросы безопасности и этики их применения становятся все более актуальными. Одной из наиб...",https://rust.litnet.com/uploads/covers/120/1742311272_19.jpg,https://litnet.com/ru/book/zhizn-zhenshchiny-s-bezuminkoi-b527410,"Нон-фикшн, Нон-фикшн"
Домина,Железный Дровосек,"Реальная жизнь всегда круче выдумки. История про обычных взрослых людей, кризис среднего возраста, секс, фантазии и сексуальные девиации владения-подчинения. ...",https://rust.litnet.com/uploads/covers/120/1749908442_76.jpg,https://litnet.com/ru/book/zheleznyi-drovosek-b535043,"Нон-фикшн, Нон-фикшн"
Вадим Нестеров (Сергей Волчок),От Алисы до Карлсона,"Книга для всех, кто любит сказки. Она создана на основе моего блога, где я пытаюсь рассказать про рождение культовых сказочных героев, созданных зарубежными автора...",https://rust.litnet.com/uploads/covers/120/1748508700_63.jpg,https://litnet.com/ru/book/zheleznyi-drovosek-b535043,"Нон-фикшн, Нон-фикшн"
Камила Клюнова,Таро от А до Я. Полный учебник для понимания и практики,"Хочешь читать карты Таро уверенно, без подсказок и сомнений? Добро пожаловать в мир, где Таро становится понятным, живым и доступным.

Этот учебник — не просто на...",https://rust.litnet.com/uploads/covers/120/1739218251_60.png,https://litnet.com/ru/book/zheleznyi-drovosek-b535043,"Нон-фикшн, Нон-фикшн"
Дарья Гущина,"30 советов, или Вы не одиноки в своём писательстве",В процессе работы писатель сталкивается с массой проблем. Как же одолеть эту проклятую середину? Как написать в тренд? Для себя писать или для читателей? А если нет ...,https://rust.litnet.com/uploads/covers/120/1701949587_46.jpg,https://litnet.com/ru/book/zheleznyi-drovosek-b535043,"Нон-фикшн, Нон-фикшн"
Громова Ульяна,Шпаргалки для редакторов и писателей,"Дорогие коллеги, эта книга для вас. В своеобразном сборнике вы найдёте всё от уроков по русскому языку до разборов текстов в качестве примера. Очень многие статьи в...",https://rust.litnet.com/uploads/covers/120/1521095724_40.png,https://litnet.com/ru/book/zheleznyi-drovosek-b535043,"Нон-фикшн, Нон-фикшн"
Даниэль Кирштейн,Кодекс хищницы,"Забудь сказки про дружный коллектив и справедливых боссов. Корпоративный мир – это джунгли. Здесь ты либо хищник, либо добыча.
Алиса пришла в сияющий офис «МегаКор...",https://rust.litnet.com/uploads/covers/120/1745080014_39.png,https://litnet.com/ru/book/zheleznyi-drovosek-b535043,"Нон-фикшн, Нон-фикшн"
Николай Наседкин,"Гуд бай, май...","«Гуд бай, май…» — это своеобразный «донжуанский список» автора-героя книги. Ему захотелось и самому понять, и Небесам, что ли, попробовать объяснить — почему кажды...",https://rust.litnet.com/uploads/covers/120/1728803858_20.jpg,https://litnet.com/ru/book/zheleznyi-drovosek-b535043,"Нон-фикшн, Нон-фикшн"
Ана Ховская,Заметки редкора. Методичка для авторов,"❤️Бесплатно. Методичка для всех, кто хочет видеть свои тексты грамотными стилистически, технически, структурированными и лёгкими. Простым доступным языком с масс...",https://rust.litnet.com/uploads/covers/120/1708869481_11.jpg,https://litnet.com/ru/book/zheleznyi-drovosek-b535043,"Нон-фикшн, Нон-фикшн"
Владимир Анатолиевич,"Прочти, когда опять научишься читать (часть 1)","Доигрался!
Ведь сколько раз слышал, мол, не делай добра!
Но связь между сторонами известной поговорки всегда неясна Марку в то время, когда он берётся сотворить добр...",https://rust.litnet.com/uploads/covers/120/1622531078_100.jpg,https://litnet.com/ru/book/zheleznyi-drovosek-b535043,"Нон-фикшн, Нон-фикшн"
Федор Ром,Международные Фестивали Еды,"Международные и региональные фестивали пищи и праздники вкусов.
...",https://rust.litnet.com/uploads/covers/120/1750098994_29.png,https://litnet.com/ru/book/zheleznyi-drovosek-b535043,"Нон-фикшн, Нон-фикшн"
Тынчтыкбек Анваркулов,"Классификация Заболеваний, Не Подлежащих Обнародованию","Этот сборник содержит описания заболеваний, официально удалённых из медицинских классификаторов.

Их не найдёте в МКБ, о них не упоминают в учебниках.

Но они были.

...",https://rust.litnet.com/uploads/covers/120/1750093672_46.png,https://litnet.com/ru/book/zheleznyi-drovosek-b535043,"Нон-фикшн, Нон-фикшн"
Федор Ром,Не Простой Путь,"Твой путь по которому ты идёшь...
...",https://rust.litnet.com/uploads/covers/120/1750045459_12.png,https://litnet.com/ru/book/zheleznyi-drovosek-b535043,"Нон-фикшн, Нон-фикшн"
Федор Ром,Паганини,"История о жизни Николо Паганини...
...",https://rust.litnet.com/uploads/covers/120/1749486305_39.png,https://litnet.com/ru/book/zheleznyi-drovosek-b535043,"Нон-фикшн, Нон-фикшн"
Федор Ром,Слепой Супермен,"История о слепом герое первым покорившим вершину Эвереста
...",https://rust.litnet.com/uploads/covers/120/1749356157_35.png,https://litnet.com/ru/book/zheleznyi-drovosek-b535043,"Нон-фикшн, Нон-фикшн"
Федор Ром,Куйрам Байрама,"Куйрам байрама 
...",https://rust.litnet.com/uploads/covers/120/1749323938_50.png,https://litnet.com/ru/book/zheleznyi-drovosek-b535043,"Нон-фикшн, Нон-фикшн"
Аксакал,Свобода от часов,"Жизнь – это не гонка, а путешествие. Но как наслаждаться этим путешествием, когда тебя постоянно подгоняет календарь? Эта книга предлагает новый взгляд на время – ...",https://rust.litnet.com/uploads/covers/120/1749072780_38.png,https://litnet.com/ru/book/zheleznyi-drovosek-b535043,"Нон-фикшн, Нон-фикшн"
Ольга Альфирова,"Элиза и ""Ласточка""","Приключения Элизы в разных жизненных ситуациях
Здесь собраны несколько рассказов

""Элиза и Ласточка""
""История одной фотографии""
""Элиза в Доме Писателе...",https://rust.litnet.com/uploads/covers/120/1748883276_96.png,https://litnet.com/ru/book/zheleznyi-drovosek-b535043,"Нон-фикшн, Нон-фикшн"
Федор Ром,История Буфорда Пассера,"История самого легендарного шерифа в Америке ..
...",https://rust.litnet.com/uploads/covers/120/1748751685_100.png,https://litnet.com/ru/book/zheleznyi-drovosek-b535043,"Нон-фикшн, Нон-фикшн"
Камила Клюнова,"Сказки, в которых я нашла себя","А если сказка — это не просто выдумка?

А способ прикоснуться к себе. Услышать свою боль, свою силу, свою глубину — и, наконец, полюбить себя по - настоящему.

В ...",https://rust.litnet.com/uploads/covers/120/1748635280_48.png,https://litnet.com/ru/book/zheleznyi-drovosek-b535043,"Нон-фикшн, Нон-фикшн"
Таша Воин,Впечатления после прочтения,"Я помешана на систематизации данных. Вот и здесь я пришла к выводу, что мне будет чрезвычайно удобно, если я все свои отзывы, рецензии и более-менее объемные коммент...",https://rust.litnet.com/uploads/covers/120/1748583273_76.jpg,https://litnet.com/ru/book/zheleznyi-drovosek-b535043,"Нон-фикшн, Нон-фикшн"
Владимир Гриньков,Сокровище русской истории. Библиотека Ивана Грозного,"Бесследно исчезнувшая библиотека Ивана Грозного, ценность которой невообразима - одна из самых таинственных загадок русской истории. В книге рассказывается и о са...",https://rust.litnet.com/uploads/covers/120/1683317464_71.png,https://litnet.com/ru/book/sokrovishche-russkoi-istorii-biblioteka-ivana-groznogo-b436199,"Нон-фикшн, Нон-фикшн"
Васильев Ярослав,Киевская Русь: история и личности,"Немного истории от Владимира Крестителя до Владимира Мономаха
Сборник статей по Руси IX - XII веков как научно-популярный комментарий для исторического романа ""Дорог...",https://rust.litnet.com/uploads/covers/120/1683195226_63.jpg,https://litnet.com/ru/book/sokrovishche-russkoi-istorii-biblioteka-ivana-groznogo-b436199,"Нон-фикшн, Нон-фикшн"
Вадим Нестеров (Сергей Волчок),История в карикатурах - 1923,"Хотите на экскурсию в 100 лет тому назад?

Все очень просто - я открываю журнал ""Крокодил"" 1920-х годов, показываю вам карикатуру и рассказываю историю, связанную с ней. П...",https://rust.litnet.com/uploads/covers/120/1683094453_45.jpg,https://litnet.com/ru/book/sokrovishche-russkoi-istorii-biblioteka-ivana-groznogo-b436199,"Нон-фикшн, Нон-фикшн"
Вадим Нестеров (Сергей Волчок),Двинулись земли низы. Том 2. Индустриализация,"Второй том серии. Рассказ о жизни бывших студентов Московской горной академии после выпуска. В стране начинается индустриализация. 

Первый том - здесь: https://litnet.com/s...",https://rust.litnet.com/uploads/covers/120/1683029095_74.jpg,https://litnet.com/ru/book/sokrovishche-russkoi-istorii-biblioteka-ivana-groznogo-b436199,"Нон-фикшн, Нон-фикшн"
Николай Хрипков (Копа),Шатается земля как пьяная,"В книге история величайших предательств и предателей, имя которых, к сожалению, известно каждому человеку. Многие ли знают, кто создатель храма Артемиды, но все зна...",https://rust.litnet.com/uploads/covers/120/1747391418_57.png,https://litnet.com/ru/book/sokrovishche-russkoi-istorii-biblioteka-ivana-groznogo-b436199,"Нон-фикшн, Нон-фикшн"
Вадим Нестеров (Сергей Волчок),История в карикатурах - 1922,"Люди всегда смеются над собой, но вот конкретные темы для шуток меняются во времени. Меняются настолько, что по карикатурам в юмористических журналах можно изучать...",https://rust.litnet.com/uploads/covers/120/1675925421_15.jpg,https://litnet.com/ru/book/sokrovishche-russkoi-istorii-biblioteka-ivana-groznogo-b436199,"Нон-фикшн, Нон-фикшн"
Васильев Ярослав,Политэкономия фэнтези,"Мы читаем фэнтези и совсем не задумываемся: а каков бы этот мир был в реальности? А как и по каким принципам он мог бы существовать и работать? Почему он именно такой,...",https://rust.litnet.com/uploads/covers/120/1674044365_56.jpg,https://litnet.com/ru/book/sokrovishche-russkoi-istorii-biblioteka-ivana-groznogo-b436199,"Нон-фикшн, Нон-фикшн"
Лала Габор,"Антиразрушение. Отвоюй себя, для себя самой","Вы когда-нибудь задумывались о том, как сильно привычный образ мысли способен повлиять на наше счастье? Это повествование о силе убеждений, способных как разрушить...",https://rust.litnet.com/uploads/covers/120/1691054761_3.png,https://litnet.com/ru/book/sokrovishche-russkoi-istorii-biblioteka-ivana-groznogo-b436199,"Нон-фикшн, Нон-фикшн"
Алла Благовещенская,Змейка-спирейка,"Мы все неотъемлемая часть живой природы нашей планеты. Будьте внимательны, чтобы вовремя распознать ее мудрые знаки....",https://rust.litnet.com/uploads/covers/120/1691920987_39.jpg,https://litnet.com/ru/book/zmeika-spireika-b447838,"Нон-фикшн, Нон-фикшн"
Сергей Ирюпин,Пробежка,"Главное правило субботнего утра – никого не разбудить, выбираясь из квартиры. Тихо вылезаю из-под тёплого одеяла, наскоро чищу зубы, натягиваю старенький спортивн...",https://rust.litnet.com/uploads/covers/120/1691571341_35.jpg,https://litnet.com/ru/book/zmeika-spireika-b447838,"Нон-фикшн, Нон-фикшн"
Сергей Ирюпин,Семнадцать мгновений из жизни курсанта,"Выпускник школы, вчерашний десятиклассник, летом 1983 года поступает в Рижское высшее военно-политическое училище ракетных войск. Жизнь в военной «системе» – непро...",https://rust.litnet.com/uploads/covers/120/1691562773_9.jpg,https://litnet.com/ru/book/zmeika-spireika-b447838,"Нон-фикшн, Нон-фикшн"
Колбасин Павел,Реформа системы правоохранительных органов,пѐрвое да̀та публика̀ции 11/09/2021...,https://rust.litnet.com/uploads/covers/120/1691361528_3.jpg,https://litnet.com/ru/book/zmeika-spireika-b447838,"Нон-фикшн, Нон-фикшн"
Греднев Илья,Как организовать грандиозный юбилей компании?,"А вы знаете про юбилеи?
90% отмечаются без цели и плана
80% проходят не по сценарию
70% сотрудников считают, что лучше бы деньги раздали им
50% гостей жалеют о потраченн...",https://rust.litnet.com/uploads/covers/120/1689964919_65.png,https://litnet.com/ru/book/zmeika-spireika-b447838,"Нон-фикшн, Нон-фикшн"
Колбасин Павел,Откуда столько мигрантов в Рф,Пѐрвое публика̀ция 26/12/2021...,https://rust.litnet.com/uploads/covers/120/1689774038_72.jpg,https://litnet.com/ru/book/zmeika-spireika-b447838,"Нон-фикшн, Нон-фикшн"
Лилит Огненная ,Стихи школьных лет...,Кто-то посчитает глупостью и посмеётся. Кто-то вспомнит о школьной любви и улыбнётся. Но этот мини сборник не останется больше на моей полке...,https://rust.litnet.com/uploads/covers/120/1696505749_31.png,https://litnet.com/ru/book/zmeika-spireika-b447838,"Нон-фикшн, Нон-фикшн"
Колбасин Павел,О ношении платков,пѐрвое публика̀ция 27/06/2021...,https://rust.litnet.com/uploads/covers/120/1689123738_41.jpg,https://litnet.com/ru/book/zmeika-spireika-b447838,"Нон-фикшн, Нон-фикшн"
Дубинин,Эссе Purus homo,"Короткое философское эссе-размышление посвященное людям, их отличиям между друг другом, в чем кроется сама разница. Так или иначе, а взглянуть правде в глаза все-та...",https://rust.litnet.com/uploads/covers/120/1688928293_34.jpg,https://litnet.com/ru/book/zmeika-spireika-b447838,"Нон-фикшн, Нон-фикшн"
Егор Сычев,Бонус,Познать дзен никогда не поздно. Давайте сделаем это вместе! ...,https://rust.litnet.com/uploads/covers/120/1688377211_73.jpg,https://litnet.com/ru/book/zmeika-spireika-b447838,"Нон-фикшн, Нон-фикшн"
Бисембай Ергалеевич Колумбаев,Избранные труды (том второй),"Книга знакомит читателя с многообразием граней философского творчества Б.Е. Колумбаева: здесь есть размышления над классическими философскими вопросами, можно об...",https://rust.litnet.com/uploads/covers/120/1687448454_58.png,https://litnet.com/ru/book/zmeika-spireika-b447838,"Нон-фикшн, Нон-фикшн"
Колбасин Павел,Церковная реформа,Пѐрвое публика̀ция 04/07/2021...,https://rust.litnet.com/uploads/covers/120/1686666022_24.jpg,https://litnet.com/ru/book/zmeika-spireika-b447838,"Нон-фикшн, Нон-фикшн"
Колбасин Павел,Научиться учиться,"Произведение посвещено технологиям образования и разборам базовой сути некоторых из них.

Пѐрвое публика̀ция 08/06/2023...",https://rust.litnet.com/uploads/covers/120/1686258651_36.jpg,https://litnet.com/ru/book/zmeika-spireika-b447838,"Нон-фикшн, Нон-фикшн"
Колбасин Павел,Судимости,"*** О̀черк ***

пѐрвое публика̀ция 29/10/2021...",https://rust.litnet.com/uploads/covers/120/1685190353_24.jpg,https://litnet.com/ru/book/zmeika-spireika-b447838,"Нон-фикшн, Нон-фикшн"
Колбасин Павел,О проклятьях пирамид,Пѐрвое публикация 18/03/2021...,https://rust.litnet.com/uploads/covers/120/1685110294_72.jpg,https://litnet.com/ru/book/zmeika-spireika-b447838,"Нон-фикшн, Нон-фикшн"
Станислав Чигаров,Краткий курс по снижению рисков в Чс,"Всё более очевидным становится то, что перед каждым из нас возрастает количество угроз и опасностей, которые казались чем-то далёким ещё несколько лет назад. Но гот...",https://rust.litnet.com/uploads/covers/120/1684869598_61.png,https://litnet.com/ru/book/zmeika-spireika-b447838,"Нон-фикшн, Нон-фикшн"
Колбасин Павел,Нэоклассическая математика,"Ско'лько 6у'дет трина'дцать плю'с оди'н?
И'ли Четы'рнадцать, и'ли стотридцатьоди'н,
И'ли ещё ско'лькоъто,
Cмотря' ка'к прибавля'ть...


Въва̀ш...",https://rust.litnet.com/uploads/covers/120/1684510274_82.jpg,https://litnet.com/ru/book/zmeika-spireika-b447838,"Нон-фикшн, Нон-фикшн"
Бисембай Колумбаев,Хроно-топос человека,"В книге переосмысливаются время и пространство в хроно-топосе человека, в котором он представляем во вселенском состоянии с приоткрывающейся душой во встрече вре...",https://rust.litnet.com/uploads/covers/120/1684160207_0.jpg,https://litnet.com/ru/book/zmeika-spireika-b447838,"Нон-фикшн, Нон-фикшн"
Колбасин Павел,Кресты и звёзды,"Размышления и состыковка Четырех и Пятилучевых символов, применявшихся и применяемых.
(Пѐрвая публика̀ция 17/06/2022г.)...",https://rust.litnet.com/uploads/covers/120/1683982881_98.jpg,https://litnet.com/ru/book/zmeika-spireika-b447838,"Нон-фикшн, Нон-фикшн"
Колбасин Павел,В общем и целом,"Как от свечи до интернета
И от лучины до АЭС
Всё также кружится планета
Летит стремительный прогрэсс

(да̀та пѐрвой публика̀ции 05/06/2020г.)...",https://rust.litnet.com/uploads/covers/120/1683920261_21.jpg,https://litnet.com/ru/book/zmeika-spireika-b447838,"Нон-фикшн, Нон-фикшн"
Creative Free Soul,Как индийские женщины борются за равноправие?,"Индийские женщины активно борются за равноправие, обращаясь к различным стратегиям. Женские правозащитные организации предоставляют поддержку и консультации, бо...",https://rust.litnet.com/uploads/covers/120/1701950843_74.png,https://litnet.com/ru/book/kak-indiiskie-zhenshchiny-boryutsya-za-ravnopravie-b460470,"Нон-фикшн, Нон-фикшн"
Creative Free Soul,Какие традиционные обязанности индийских женщин?,"Индийские женщины несут множество традиционных обязанностей, включая управление домашним хозяйством, заботу о семье и родителях, участие в религиозных обрядах и ...",https://rust.litnet.com/uploads/covers/120/1701950527_20.png,https://litnet.com/ru/book/kak-indiiskie-zhenshchiny-boryutsya-za-ravnopravie-b460470,"Нон-фикшн, Нон-фикшн"
Creative Free Soul,Какова роль индийских женщин в политике Индии?,"Индийские женщины, несмотря на исторические барьеры, играют ключевую роль в политической жизни Индии. С начала независимости в 1947 году они активно участвовали в на...",https://rust.litnet.com/uploads/covers/120/1701950339_98.png,https://litnet.com/ru/book/kak-indiiskie-zhenshchiny-boryutsya-za-ravnopravie-b460470,"Нон-фикшн, Нон-фикшн"
ada melton,Ожившие картины | Revived paintings,"Родители возложили на него будущее гениального художника. Но как оказалось, он был не так талантлив, как всем казалось. Одно слово разрушило все его представление о...",https://rust.litnet.com/uploads/covers/120/1701277683_17.jpg,https://litnet.com/ru/book/kak-indiiskie-zhenshchiny-boryutsya-za-ravnopravie-b460470,"Нон-фикшн, Нон-фикшн"
Феникс Хаотичный Рыцарь,Три друга,"Ты помнишь своих первых друзей? Или тех что поменяли твою жизнь раз и на всегда? Вспомни себя  подростком , ребенком, что повлияло на твое развитие и становление таки...",https://rust.litnet.com/uploads/covers/120/1701212187_34.jpg,https://litnet.com/ru/book/kak-indiiskie-zhenshchiny-boryutsya-za-ravnopravie-b460470,"Нон-фикшн, Нон-фикшн"
Сергей Панченко,Вселенная - пластинка,"Давайте так, космогония, это наука, объясняющая происхождение вселенной, значит я буду называться космогоном. Вот вам, дорогие читатели, моя версия вселенной, наибо...",https://rust.litnet.com/uploads/covers/120/1701005201_65.jpg,https://litnet.com/ru/book/kak-indiiskie-zhenshchiny-boryutsya-za-ravnopravie-b460470,"Нон-фикшн, Нон-фикшн"
Басова,Люди-книги. Ода мужчинам.,"Автор - женщина размышляет о важности мужских поступков , философствует....",https://rust.litnet.com/uploads/covers/120/1699883975_60.png,https://litnet.com/ru/book/kak-indiiskie-zhenshchiny-boryutsya-za-ravnopravie-b460470,"Нон-фикшн, Нон-фикшн"
Елизавета Куш,Моя вера – Православие,"Меня зовут Куш Кристина. Мне 13 лет. Учусь в 7 «В» классе Высоковской средней школы. В классе 19 человек, но написать о роли Православия в своей жизни поручили именно мн...",https://rust.litnet.com/uploads/covers/120/1699027550_57.jpg,https://litnet.com/ru/book/kak-indiiskie-zhenshchiny-boryutsya-za-ravnopravie-b460470,"Нон-фикшн, Нон-фикшн"
Майя Гордеева,Грамотность всегда в моде. От редактора – авторам,"Просто о сложном, наглядно о неочевидном. Поговорим о распространённых ошибках, фокале, последовательности и даже о «вишенках», «лепестках» и прочем салате на женс...",https://rust.litnet.com/uploads/covers/120/1697896314_30.jpg,https://litnet.com/ru/book/kak-indiiskie-zhenshchiny-boryutsya-za-ravnopravie-b460470,"Нон-фикшн, Нон-фикшн"
Колбасин Павел,Пытка одиночеством,Пѐрвое да̀та публика̀ции 04/04/2017...,https://rust.litnet.com/uploads/covers/120/1697801362_80.jpg,https://litnet.com/ru/book/kak-indiiskie-zhenshchiny-boryutsya-za-ravnopravie-b460470,"Нон-фикшн, Нон-фикшн"
Кенан Лещ,Снеговик,В середине весны пошёл снег и сотрудники решили напоследок слепить снеговика. ...,https://rust.litnet.com/uploads/covers/120/1697131465_8.png,https://litnet.com/ru/book/kak-indiiskie-zhenshchiny-boryutsya-za-ravnopravie-b460470,"Нон-фикшн, Нон-фикшн"
Колбасин Павел,Братвафон,Всемирноизвестно и считается чутъ ли не вершиной достижения научнотехнической мысли и воплощением оной в конкретных изделиях продукция компании Эпл. В данном про...,https://rust.litnet.com/uploads/covers/120/1695730086_54.jpg,https://litnet.com/ru/book/kak-indiiskie-zhenshchiny-boryutsya-za-ravnopravie-b460470,"Нон-фикшн, Нон-фикшн"
Денис Козеев,Путь свободы.,"Здравствуй, мой дорогой читатель. Эта книга всегда будет бесплатной. В этой книге описан диагноз самого страшного вируса в нашей голове. Я не буду придумывать рекла...",https://rust.litnet.com/uploads/covers/120/1695538525_46.jpg,https://litnet.com/ru/book/kak-indiiskie-zhenshchiny-boryutsya-za-ravnopravie-b460470,"Нон-фикшн, Нон-фикшн"
Колбасин Павел,Второе рождение или рождённое незачатое,пѐрвое да̀та публика̀ции 27/11/2020...,https://rust.litnet.com/uploads/covers/120/1694687083_45.jpg,https://litnet.com/ru/book/kak-indiiskie-zhenshchiny-boryutsya-za-ravnopravie-b460470,"Нон-фикшн, Нон-фикшн"
Колбасин Павел,Фиолетовый мир,пѐрвое да̀та публика̀ции 27/11/2020...,https://rust.litnet.com/uploads/covers/120/1694682429_46.jpg,https://litnet.com/ru/book/kak-indiiskie-zhenshchiny-boryutsya-za-ravnopravie-b460470,"Нон-фикшн, Нон-фикшн"
Колбасин Павел,Экономический аспект в развитии культуры Рф,"Культурная деятельность является неотъемлемой частью современного общества, столпом благодаря которому социум развивается, да и впринципе существует. Однако кул...",https://rust.litnet.com/uploads/covers/120/1694663289_29.jpg,https://litnet.com/ru/book/kak-indiiskie-zhenshchiny-boryutsya-za-ravnopravie-b460470,"Нон-фикшн, Нон-фикшн"
ada melton,Судьба | Fate,"В этом мире, соулмейты видят один и тот же цвет, если они предназначены друг другу судьбой. Он - Роберт Грант ,школьный задира, которому все сходит с рук, благодаря бо...",https://rust.litnet.com/uploads/covers/120/1694626835_19.jpg,https://litnet.com/ru/book/kak-indiiskie-zhenshchiny-boryutsya-za-ravnopravie-b460470,"Нон-фикшн, Нон-фикшн"
Непротиворечивая картина мира,Смысл смерти,"Почему человек смертен в отличие от Источника своего существования? Кто, каким образом, и с какой целью ограничил нашу жизнь? Что мы знаем о смерти? Для чего она нужн...",https://rust.litnet.com/uploads/covers/120/1694336930_19.jpg,https://litnet.com/ru/book/kak-indiiskie-zhenshchiny-boryutsya-za-ravnopravie-b460470,"Нон-фикшн, Нон-фикшн"
Колбасин Павел,Зачем придумали старение,пѐрвое да̀та публика̀ции 16/05/2021...,https://rust.litnet.com/uploads/covers/120/1694259986_79.jpg,https://litnet.com/ru/book/kak-indiiskie-zhenshchiny-boryutsya-za-ravnopravie-b460470,"Нон-фикшн, Нон-фикшн"
Колбасин Павел,Как погибло честь,пѐрвое да̀та публика̀ции 17/04/2023...,https://rust.litnet.com/uploads/covers/120/1693604244_37.jpg,https://litnet.com/ru/book/kak-indiiskie-zhenshchiny-boryutsya-za-ravnopravie-b460470,"Нон-фикшн, Нон-фикшн"
